school_key,school_name,year,total_candidates,status_primary,status_reserve,retained_count,poached_count,unplaced_count,retention_rate
nutc_ins,國立臺中科技大學,113,173,58,115,57,65,51,32.95
nutc_ins,國立臺中科技大學,114,178,58,120,57,75,46,32.02
nutc_ins,國立臺中科技大學,115,167,58,109,57,60,50,34.13
nkust_ins,國立高雄科技大學,113,123,46,77,57,27,39,46.34
nkust_ins,國立高雄科技大學,114,112,42,70,51,32,29,45.54
nkust_ins,國立高雄科技大學,115,85,30,55,34,25,26,40.0
nkust_ship,國立高雄科技大學,113,183,65,118,82,53,48,44.81
nkust_ship,國立高雄科技大學,114,185,70,115,78,65,42,42.16
nkust_ship,國立高雄科技大學,115,169,67,102,78,46,45,46.15
ncut_iem,國立勤益科技大學,113,340,111,229,107,128,105,31.47
ncut_iem,國立勤益科技大學,114,349,110,239,109,134,106,31.23
ncut_iem,國立勤益科技大學,115,340,108,232,104,144,92,30.59
ncut_mkt,國立勤益科技大學,113,188,62,126,55,90,43,29.26
ncut_mkt,國立勤益科技大學,114,190,62,128,53,87,50,27.89
ncut_mkt,國立勤益科技大學,115,195,64,131,45,107,43,23.08
ncut_ba,國立勤益科技大學,113,202,67,135,51,100,51,25.25
ncut_ba,國立勤益科技大學,114,208,66,142,59,103,46,28.37
ncut_ba,國立勤益科技大學,115,196,65,131,43,105,48,21.94
nfu_iem,國立虎尾科技大學,113,206,71,135,57,107,42,27.67
nfu_iem,國立虎尾科技大學,114,202,71,131,61,99,42,30.2
nfu_iem,國立虎尾科技大學,115,211,70,141,74,89,48,35.07
nfu_ba,國立虎尾科技大學,113,187,70,117,31,111,45,16.58
nfu_ba,國立虎尾科技大學,114,186,63,123,41,107,38,22.04
nfu_ba,國立虎尾科技大學,115,193,68,125,38,108,47,19.69
