學年度,全國大一入學新生推估數,統測商管群總報名人數,公立商管預估報考率,中科保金新生生源基數,中科保金日間註冊率推估,風險評級
113,204300,24200,100.0%,160,100.0%,穩健安全
114,198500,23100,100.0%,160,98.8%,穩健安全
115,192800,22000,100.0%,160,98.5%,穩健安全
116,186400,20800,100.0%,160,98.0%,穩健安全
117,177200,19400,98.5%,160,97.5%,虎年海嘯首波衝擊
118,172100,18700,98.0%,160,97.0%,微幅承壓
119,169500,18200,97.5%,160,96.5%,微幅承壓
120,165400,17600,97.0%,160,96.0%,五專基本盤提供強大防禦
121,161800,17100,96.5%,160,95.5%,金融科技與財富管理認證加持
122,158200,16600,96.0%,160,95.0%,公立金融品牌價值支撐
123,154600,16100,95.5%,160,94.5%,擴大金控保險全職實習
124,151000,15600,95.0%,160,94.0%,擴大金控保險全職實習
125,147500,15100,94.5%,160,93.5%,高資產理財規劃市場崛起
126,144100,14600,94.0%,160,93.0%,碩士班/學士班資源重組期
127,140800,14100,93.5%,160,92.5%,五專貫通四技雙核心優勢發揮
128,137500,13600,93.0%,160,92.0%,少子化海嘯深水區保衛戰
